City_ID,City,Country,Date,Lat,Lng,Max Temp,Humidity,Cloudiness,Wind Speed,Current Description
0,Bluff,NZ,2022-01-30 12:12:49,-46.6,168.3333,59.81,91,100,5.64,overcast clouds
1,Chuy,UY,2022-01-30 12:12:49,-33.6971,-53.4616,74.01,59,57,8.12,broken clouds
2,Qaanaaq,GL,2022-01-30 12:12:49,77.484,-69.3632,-7.38,85,100,4.74,overcast clouds
3,Saskylakh,RU,2022-01-30 12:12:50,71.9167,114.0833,-13.81,100,100,2.26,overcast clouds
4,Ketchikan,US,2022-01-30 12:09:45,55.3422,-131.6461,35.58,93,100,3.44,overcast clouds
5,Mataura,NZ,2022-01-30 12:12:50,-46.1927,168.8643,59.49,96,95,2.3,overcast clouds
6,Albany,US,2022-01-30 12:12:51,42.6001,-73.9662,6.51,51,12,14.0,few clouds
7,Tabou,CI,2022-01-30 12:12:51,4.423,-7.3528,86.36,63,30,6.13,scattered clouds
8,Quang Ngai,VN,2022-01-30 12:12:51,15.1167,108.8,72.55,92,97,4.72,overcast clouds
9,Khatanga,RU,2022-01-30 12:12:52,71.9667,102.5,-17.54,93,100,7.74,overcast clouds
10,Szilvasvarad,HU,2022-01-30 12:12:52,48.1,20.4,40.28,67,10,22.17,clear sky
11,Puerto Ayora,EC,2022-01-30 12:12:52,-0.7393,-90.3518,72.0,87,100,7.11,overcast clouds
12,Punta Arenas,CL,2022-01-30 12:11:03,-53.15,-70.9167,48.31,53,20,20.71,few clouds
13,Codrington,AU,2022-01-30 12:12:53,-38.2667,141.9667,64.04,96,46,6.98,scattered clouds
14,Alice Springs,AU,2022-01-30 12:12:53,-23.7,133.8833,74.75,94,100,16.11,moderate rain
15,Xichang,CN,2022-01-30 12:12:53,27.8964,102.2634,47.21,48,10,3.65,clear sky
16,Vaini,TO,2022-01-30 12:12:54,-21.2,-175.2,80.83,78,100,13.69,overcast clouds
17,Norman Wells,CA,2022-01-30 12:12:54,65.282,-126.8329,-20.88,97,100,5.84,overcast clouds
18,Dikson,RU,2022-01-30 12:12:54,73.5069,80.5464,6.24,94,100,18.37,light snow
19,Barrow,US,2022-01-30 12:12:55,71.2906,-156.7887,-2.18,78,100,13.8,overcast clouds
20,Beitbridge,ZW,2022-01-30 12:12:55,-22.2167,30.0,84.25,52,97,17.72,light rain
21,Steinbach,DE,2022-01-30 12:12:55,50.1667,8.5667,46.6,58,75,13.8,broken clouds
22,Iqaluit,CA,2022-01-30 12:12:56,63.7506,-68.5145,-19.97,95,99,5.26,overcast clouds
23,Litovko,RU,2022-01-30 12:12:56,49.2361,135.1742,-22.83,100,59,1.95,broken clouds
24,Palmer,US,2022-01-30 12:12:03,42.1584,-72.3287,9.21,62,71,1.99,broken clouds
25,Mahibadhoo,MV,2022-01-30 12:12:56,3.7833,72.9667,82.72,71,59,12.91,broken clouds
26,Porto Novo,BJ,2022-01-30 12:12:57,6.4965,2.6036,95.49,13,100,5.64,overcast clouds
27,Castro,BR,2022-01-30 12:12:57,-24.7911,-50.0119,63.3,99,100,5.35,overcast clouds
28,Ponta Do Sol,PT,2022-01-30 12:12:58,32.6667,-17.1,70.12,34,1,5.79,clear sky
29,Cape Town,ZA,2022-01-30 12:12:58,-33.9258,18.4232,100.11,41,51,7.0,broken clouds
30,Hermanus,ZA,2022-01-30 12:12:58,-34.4187,19.2345,99.9,47,91,17.74,overcast clouds
31,Flin Flon,CA,2022-01-30 12:12:59,54.7682,-101.865,4.37,97,100,5.53,light snow
32,Juliaca,PE,2022-01-30 12:12:59,-15.5,-70.1333,46.38,76,75,2.3,broken clouds
33,Tautira,PF,2022-01-30 12:12:59,-17.7333,-149.15,77.02,75,78,8.93,light rain
34,Sao Luiz Gonzaga,BR,2022-01-30 12:13:00,-28.4083,-54.9608,75.2,57,0,8.08,clear sky
35,Necochea,AR,2022-01-30 12:13:00,-38.5473,-58.7368,81.03,62,87,21.79,overcast clouds
36,Salym,RU,2022-01-30 12:13:01,60.0625,71.4789,11.03,93,100,5.39,overcast clouds
37,Cairns,AU,2022-01-30 12:13:01,-16.9167,145.7667,80.55,86,100,4.61,overcast clouds
38,Tasiilaq,GL,2022-01-30 12:13:01,65.6145,-37.6368,8.76,34,0,30.89,clear sky
39,Tromso,NO,2022-01-30 12:13:02,69.6496,18.957,21.22,86,0,5.75,clear sky
40,Hobart,AU,2022-01-30 12:10:32,-42.8794,147.3294,61.27,79,20,5.75,few clouds
41,Northam,GB,2022-01-30 12:13:02,51.0333,-4.2167,47.55,80,36,6.93,scattered clouds
42,Mahajanga,MG,2022-01-30 12:13:02,-15.7167,46.3167,84.6,66,38,8.32,light rain
43,Kalmunai,LK,2022-01-30 12:13:03,7.4167,81.8167,80.78,79,40,9.69,scattered clouds
44,Biak,ID,2022-01-30 12:13:03,-0.9131,122.8766,78.24,80,97,5.73,overcast clouds
45,Kapaa,US,2022-01-30 12:13:03,22.0752,-159.319,73.72,77,100,12.66,overcast clouds
46,Vanavara,RU,2022-01-30 12:13:04,60.34,102.2797,-9.67,100,93,1.28,overcast clouds
47,San Patricio,US,2022-01-30 12:11:39,28.017,-97.5169,52.93,75,0,5.5,clear sky
48,Shipitsyno,RU,2022-01-30 12:14:04,61.2806,46.5208,12.52,97,90,3.42,overcast clouds
49,Mar Del Plata,AR,2022-01-30 12:14:05,-38.0023,-57.5575,75.22,72,0,21.0,clear sky
50,Rikitea,PF,2022-01-30 12:14:05,-23.1203,-134.9692,76.33,59,99,5.97,overcast clouds
51,Malindi,KE,2022-01-30 12:14:05,-3.2175,40.1191,81.39,73,97,15.37,overcast clouds
52,Shushenskoye,RU,2022-01-30 12:14:06,53.325,91.9356,-11.52,99,16,1.81,few clouds
53,Gisborne,NZ,2022-01-30 12:13:18,-38.6533,178.0042,62.01,85,0,3.4,clear sky
54,Golkoy,TR,2022-01-30 12:14:06,40.6875,37.6178,36.81,89,99,8.63,overcast clouds
55,Yellowknife,CA,2022-01-30 12:14:07,62.456,-114.3525,-10.41,86,100,5.75,overcast clouds
56,Jamestown,US,2022-01-30 12:13:44,42.097,-79.2353,9.99,90,100,4.61,overcast clouds
57,Manggar,ID,2022-01-30 12:14:07,-2.8833,108.2667,80.35,77,100,8.12,overcast clouds
58,Sergeyevka,KZ,2022-01-30 12:14:08,53.88,67.4158,13.35,90,100,12.82,overcast clouds
59,Vohibinany,MG,2022-01-30 12:14:08,-17.35,49.0333,82.45,74,45,6.33,light rain
60,Slave Lake,CA,2022-01-30 12:14:09,55.2834,-114.769,24.24,92,30,3.44,scattered clouds
61,Larsnes,NO,2022-01-30 12:14:09,62.2028,5.5773,37.67,81,100,8.61,overcast clouds
62,Bredasdorp,ZA,2022-01-30 12:14:09,-34.5322,20.0403,87.28,52,76,16.28,broken clouds
63,Libreville,GA,2022-01-30 12:09:39,0.3925,9.4537,84.87,65,99,5.41,light rain
64,Kavieng,PG,2022-01-30 12:14:10,-2.5744,150.7967,81.07,78,100,4.56,light rain
65,Grindavik,IS,2022-01-30 12:14:10,63.8424,-22.4338,30.15,93,75,34.52,light snow
66,Puri,IN,2022-01-30 12:14:11,19.8,85.85,79.32,46,1,8.37,clear sky
67,Ushuaia,AR,2022-01-30 12:14:10,-54.8,-68.3,44.22,82,100,7.67,overcast clouds
68,Tutoia,BR,2022-01-30 12:14:11,-2.7619,-42.2744,78.78,90,100,7.72,overcast clouds
69,Millau,FR,2022-01-30 12:14:12,44.0833,2.9167,48.99,58,2,7.7,clear sky
70,Jawhar,SO,2022-01-30 12:10:14,2.7809,45.5005,95.52,17,82,17.6,broken clouds
71,Namibe,AO,2022-01-30 12:14:12,-15.1961,12.1522,76.91,65,88,12.57,overcast clouds
72,Neiafu,TO,2022-01-30 12:14:12,-18.65,-173.9833,81.95,75,91,10.63,light rain
73,Camabatela,AO,2022-01-30 12:14:13,-8.1881,15.375,73.87,75,100,6.35,light rain
74,Hambantota,LK,2022-01-30 12:14:13,6.1241,81.1185,81.7,77,33,15.93,scattered clouds
75,Saint-Philippe,RE,2022-01-30 12:14:14,-21.3585,55.7679,85.59,71,33,13.82,scattered clouds
76,Avarua,CK,2022-01-30 12:14:14,-21.2078,-159.775,77.05,88,40,10.36,scattered clouds
77,Isangel,VU,2022-01-30 12:14:14,-19.55,169.2667,78.76,90,100,9.82,light rain
78,Ribeira Grande,PT,2022-01-30 12:14:15,38.5167,-28.7,61.2,63,40,18.41,scattered clouds
79,Busselton,AU,2022-01-30 12:14:15,-33.65,115.3333,69.08,74,0,23.15,clear sky
80,Samarai,PG,2022-01-30 12:14:15,-10.6167,150.6667,81.95,78,100,9.4,overcast clouds
81,Beya,RU,2022-01-30 12:14:16,53.0533,90.9139,-3.73,100,61,2.19,broken clouds
82,Sistranda,NO,2022-01-30 12:14:16,63.7256,8.834,35.56,60,99,21.43,light rain
83,Anaconda,US,2022-01-30 12:14:17,46.1285,-112.9423,29.77,66,76,6.91,broken clouds
84,Upernavik,GL,2022-01-30 12:14:17,72.7868,-56.1549,-8.1,96,100,8.28,overcast clouds
85,Lebu,CL,2022-01-30 12:14:17,-37.6167,-73.65,59.27,83,18,2.68,few clouds
86,Mogadishu,SO,2022-01-30 12:14:18,2.0371,45.3438,82.56,63,20,22.64,few clouds
87,Turayf,SA,2022-01-30 12:14:18,31.6725,38.6637,53.98,28,0,9.22,clear sky
88,Hasaki,JP,2022-01-30 12:14:18,35.7333,140.8333,39.6,50,100,11.5,overcast clouds
89,Thompson,CA,2022-01-30 12:14:19,55.7435,-97.8558,-2.67,99,100,3.22,overcast clouds
90,Georgetown,MY,2022-01-30 12:11:22,5.4112,100.3354,85.93,75,20,1.01,few clouds
91,Charters Towers,AU,2022-01-30 12:15:19,-20.1,146.2667,77.25,73,8,10.18,clear sky
92,Kodiak,US,2022-01-30 12:15:19,57.79,-152.4072,26.11,63,20,16.11,few clouds
93,Bengkulu,ID,2022-01-30 12:15:20,-3.8004,102.2655,79.16,86,100,5.57,light rain
94,Lagoa,PT,2022-01-30 12:15:20,39.05,-27.9833,57.31,62,43,22.86,scattered clouds
95,Hithadhoo,MV,2022-01-30 12:15:20,-0.6,73.0833,82.31,63,99,5.12,overcast clouds
96,Ratnapura,LK,2022-01-30 12:15:21,6.6828,80.3992,84.25,69,52,3.53,broken clouds
97,Hay River,CA,2022-01-30 12:15:21,60.8156,-115.7999,-4.02,77,100,9.22,light snow
98,Bogovarovo,RU,2022-01-30 12:15:21,58.9785,47.0246,15.67,93,95,5.64,overcast clouds
99,Lorengau,PG,2022-01-30 12:15:22,-2.0226,147.2712,80.83,79,100,9.66,overcast clouds
100,East London,ZA,2022-01-30 12:15:22,-33.0153,27.9116,83.34,65,0,18.41,clear sky
101,Nuuk,GL,2022-01-30 12:15:22,64.1835,-51.7216,14.61,73,100,23.02,fog
102,Rawah,IQ,2022-01-30 12:15:23,34.4816,41.9093,55.26,42,54,0.63,broken clouds
103,Bonthe,SL,2022-01-30 12:15:23,7.5264,-12.505,87.66,53,35,5.32,scattered clouds
104,Whyalla,AU,2022-01-30 12:15:23,-33.0333,137.5833,77.45,66,15,13.62,few clouds
105,Port Elizabeth,ZA,2022-01-30 12:12:16,-33.918,25.5701,92.1,63,8,13.51,clear sky
106,Zhanaozen,KZ,2022-01-30 12:15:24,43.3,52.8,44.06,55,76,17.18,broken clouds
107,Tahta,EG,2022-01-30 12:15:24,26.7693,31.5021,63.9,30,1,10.27,clear sky
108,Atuona,PF,2022-01-30 12:15:25,-9.8,-139.0333,77.31,74,5,11.72,clear sky
109,Lashio,MM,2022-01-30 12:15:25,22.9333,97.75,56.43,60,44,1.12,scattered clouds
110,La Plaine,DM,2022-01-30 12:13:09,15.3333,-61.25,75.51,77,32,10.29,scattered clouds
111,Na Wa,TH,2022-01-30 12:15:26,17.4897,104.1006,80.64,49,34,14.99,scattered clouds
112,Yar-Sale,RU,2022-01-30 12:15:26,66.8333,70.8333,-5.75,97,95,8.57,overcast clouds
113,Corrente,BR,2022-01-30 12:15:26,-3.7367,-43.3394,75.38,86,100,4.38,overcast clouds
114,Haines Junction,CA,2022-01-30 12:15:27,60.7522,-137.5108,10.35,72,100,2.3,overcast clouds
115,Capinota,BO,2022-01-30 12:15:27,-17.7167,-66.2333,59.25,74,100,3.22,overcast clouds
116,Tuktoyaktuk,CA,2022-01-30 12:15:27,69.4541,-133.0374,-5.76,97,100,17.11,overcast clouds
117,Leh,IN,2022-01-30 12:15:28,34.1667,77.5833,8.33,76,79,0.83,broken clouds
118,Nanortalik,GL,2022-01-30 12:15:28,60.1432,-45.2371,12.45,72,100,7.74,overcast clouds
119,Broome,US,2022-01-30 12:15:28,42.2506,-75.833,5.77,83,0,1.99,clear sky
120,Srandakan,ID,2022-01-30 12:15:29,-7.9386,110.2506,79.34,83,100,2.75,overcast clouds
121,Clyde River,CA,2022-01-30 12:15:29,70.4692,-68.5914,-19.97,69,100,3.44,overcast clouds
122,Corner Brook,CA,2022-01-30 12:15:29,48.9667,-57.9484,42.93,100,100,14.97,snow
123,Port Alfred,ZA,2022-01-30 12:15:30,-33.5906,26.891,81.23,67,18,17.22,few clouds
124,Apple Valley,US,2022-01-30 12:15:30,34.5008,-117.1859,47.73,27,16,2.39,few clouds
125,Solnechnyy,RU,2022-01-30 12:15:30,50.7214,136.6319,-7.33,99,100,1.14,overcast clouds
126,Swinoujscie,PL,2022-01-30 12:15:31,53.9105,14.2471,48.2,66,50,35.32,scattered clouds
127,Guaruja,BR,2022-01-30 12:15:31,-23.9931,-46.2564,75.27,94,100,2.3,moderate rain
128,Lithgow,AU,2022-01-30 12:15:31,-33.4833,150.15,64.08,98,51,3.33,light rain
129,Torbay,CA,2022-01-30 12:15:32,47.6666,-52.7314,54.28,97,100,19.57,light rain
130,Severo-Kurilsk,RU,2022-01-30 12:15:32,50.6789,156.125,26.02,92,100,16.02,snow
131,Tura,IN,2022-01-30 12:15:32,25.5198,90.2201,57.65,50,56,1.63,broken clouds
132,Adre,TD,2022-01-30 12:15:33,13.4667,22.2,81.0,11,7,5.03,clear sky
133,Davila,PH,2022-01-30 12:15:33,18.4726,120.5763,75.18,77,82,20.87,broken clouds
134,Chegdomyn,RU,2022-01-30 12:15:33,51.1167,133.0167,-22.23,99,83,2.89,broken clouds
135,Svetlaya,RU,2022-01-30 12:15:34,46.5389,138.3297,1.44,78,31,9.75,scattered clouds
136,Souillac,MU,2022-01-30 12:15:34,-20.5167,57.5167,87.37,66,40,12.66,scattered clouds
137,Jinxiang,CN,2022-01-30 12:15:34,27.4327,120.6062,45.23,69,29,11.54,scattered clouds
138,Saint-Francois,FR,2022-01-30 12:16:35,46.4154,3.9054,44.04,100,100,4.61,overcast clouds
139,Faanui,PF,2022-01-30 12:16:35,-16.4833,-151.75,80.11,73,100,8.01,light rain
140,Sabang,ID,2022-01-30 12:16:36,5.8933,95.3214,82.47,68,87,6.58,overcast clouds
141,Ancud,CL,2022-01-30 12:16:36,-41.8697,-73.8203,53.42,69,37,7.47,scattered clouds
142,Morden,CA,2022-01-30 12:14:46,49.1919,-98.1014,4.66,78,67,3.44,broken clouds
143,Winneba,GH,2022-01-30 12:16:19,5.3511,-0.6231,91.87,52,58,9.42,broken clouds
144,Cuenca,EC,2022-01-30 12:16:13,-2.8833,-78.9833,51.93,87,100,4.61,overcast clouds
145,Ukiah,US,2022-01-30 12:16:37,39.1502,-123.2078,49.01,71,0,0.0,clear sky
146,Bajil,YE,2022-01-30 12:16:37,15.0584,43.2851,85.51,50,75,7.2,broken clouds
147,Taoudenni,ML,2022-01-30 12:16:38,22.6783,-3.9836,82.62,10,82,17.27,broken clouds
148,Lompoc,US,2022-01-30 12:16:38,34.6391,-120.4579,52.2,86,0,0.0,clear sky
149,Luderitz,NA,2022-01-30 12:16:38,-26.6481,15.1594,71.58,71,21,12.19,few clouds
150,Katangli,RU,2022-01-30 12:16:39,51.7102,143.2326,-9.0,97,100,6.44,overcast clouds
151,Avera,US,2022-01-30 12:16:39,33.194,-82.5271,28.71,35,0,6.67,clear sky
152,Zhob,PK,2022-01-30 12:16:39,31.3411,69.4481,61.11,26,0,5.57,clear sky
153,Sioux Lookout,CA,2022-01-30 12:16:40,50.1001,-91.917,-7.22,83,100,0.0,overcast clouds
154,Buala,SB,2022-01-30 12:16:40,-8.145,159.5921,80.19,84,99,5.03,light rain
155,Nyurba,RU,2022-01-30 12:16:40,63.2842,118.3319,-20.31,100,62,3.89,broken clouds
156,Sitka,US,2022-01-30 12:16:41,57.0531,-135.33,35.49,80,100,6.91,light snow
157,Cherskiy,RU,2022-01-30 12:16:42,68.75,161.3,-28.07,100,60,3.38,broken clouds
158,Mount Isa,AU,2022-01-30 12:16:42,-20.7333,139.5,74.97,100,75,10.36,light intensity shower rain
159,Kaitangata,NZ,2022-01-30 12:16:42,-46.2817,169.8464,56.71,94,96,3.89,overcast clouds
160,Segezha,RU,2022-01-30 12:16:43,63.7415,34.3222,17.26,93,100,6.62,overcast clouds
161,Le Mans,FR,2022-01-30 12:16:43,48.0,0.2,49.93,81,100,3.44,overcast clouds
162,Dzhebariki-Khaya,RU,2022-01-30 12:16:44,62.2167,135.8,-35.28,100,62,0.49,broken clouds
163,Lata,PT,2022-01-30 12:16:44,40.1629,-8.3327,64.72,27,50,3.71,scattered clouds
164,Kungsbacka,SE,2022-01-30 12:16:44,57.4872,12.0761,46.06,69,31,7.0,scattered clouds
165,Kondagaon,IN,2022-01-30 12:16:45,19.6,81.6667,72.46,22,1,5.82,clear sky
166,Qandala,SO,2022-01-30 12:16:45,11.472,49.8728,78.4,58,46,10.94,scattered clouds
167,Vao,NC,2022-01-30 12:16:45,-22.6667,167.4833,79.81,87,77,15.23,broken clouds
168,Ballina,AU,2022-01-30 12:16:46,-28.8667,153.5667,75.38,87,94,7.76,overcast clouds
169,Dingle,PH,2022-01-30 12:16:46,10.9995,122.6711,77.95,87,26,1.95,scattered clouds
170,Thinadhoo,MV,2022-01-30 12:16:46,0.5333,72.9333,82.44,70,99,9.19,overcast clouds
171,Hilo,US,2022-01-30 12:13:45,19.7297,-155.09,67.8,79,0,6.91,clear sky
172,Kimparana,ML,2022-01-30 12:16:47,12.8347,-4.9244,90.09,8,46,17.98,scattered clouds
173,Araouane,ML,2022-01-30 12:16:47,18.9048,-3.5265,84.0,9,38,17.96,scattered clouds
174,Tres Arroyos,AR,2022-01-30 12:16:48,-38.3739,-60.2798,73.22,51,48,20.98,scattered clouds
175,Bathsheba,BB,2022-01-30 12:16:48,13.2167,-59.5167,79.41,69,20,17.27,few clouds
176,Arti,RU,2022-01-30 12:16:49,56.4234,58.5328,13.91,95,100,2.59,overcast clouds
177,Itarema,BR,2022-01-30 12:14:51,-2.9248,-39.9167,75.2,90,100,10.67,light rain
178,Bethel,US,2022-01-30 12:16:49,41.3712,-73.414,12.49,54,0,1.99,clear sky
179,Preobrazheniye,RU,2022-01-30 12:12:12,42.9019,133.9064,15.62,62,65,9.22,broken clouds
180,Vestmannaeyjar,IS,2022-01-30 12:16:50,63.4427,-20.2734,36.59,60,75,31.07,broken clouds
181,Dunedin,NZ,2022-01-30 12:17:50,-45.8742,170.5036,60.8,82,86,8.99,overcast clouds
182,Swanton,US,2022-01-30 12:17:50,41.5887,-83.8911,19.49,84,100,3.44,overcast clouds
183,New Norfolk,AU,2022-01-30 12:17:51,-42.7826,147.0587,60.71,64,4,1.01,clear sky
184,La Romana,DO,2022-01-30 12:17:06,18.4273,-68.9728,71.33,100,20,0.0,few clouds
185,Scarborough,GB,2022-01-30 12:17:51,54.2797,-0.4044,44.53,74,31,1.01,scattered clouds
186,Barra Patuca,HN,2022-01-30 12:17:52,15.8,-84.2833,73.63,80,78,15.1,broken clouds
187,Nikolskoye,RU,2022-01-30 12:17:52,59.7035,30.7861,31.71,92,100,10.74,overcast clouds
188,Coruripe,BR,2022-01-30 12:17:52,-10.1256,-36.1756,84.65,62,75,12.39,broken clouds
189,Lethem,GY,2022-01-30 12:17:53,3.3803,-59.7968,78.42,63,63,13.27,broken clouds
190,Carutapera,BR,2022-01-30 12:17:53,-1.195,-46.02,76.71,92,100,4.9,overcast clouds
191,Tiznit,MA,2022-01-30 12:17:53,29.5833,-9.5,68.59,18,23,25.7,few clouds
192,Coihaique,CL,2022-01-30 12:14:09,-45.5752,-72.0662,50.61,53,75,4.61,broken clouds
193,Bayana,IN,2022-01-30 12:17:54,26.9,77.2833,67.84,36,0,3.49,clear sky
194,Poum,NC,2022-01-30 12:17:54,-20.2333,164.0167,81.01,78,91,8.61,overcast clouds
195,Newport,GB,2022-01-30 12:14:03,51.5877,-2.9984,49.08,85,71,6.82,broken clouds
196,Road Town,VG,2022-01-30 12:17:54,18.4167,-64.6167,77.04,83,1,5.75,clear sky
197,Thessalon,CA,2022-01-30 12:17:55,46.2501,-83.5666,14.49,96,100,5.66,light snow
198,Manjacaze,MZ,2022-01-30 12:17:55,-24.7117,33.8828,88.56,40,70,13.49,broken clouds
199,Eidfjord,NO,2022-01-30 12:17:55,60.4675,7.0719,31.33,95,84,9.35,broken clouds
200,Charlestown,AU,2022-01-30 12:16:10,-32.95,151.6667,73.69,88,0,1.01,clear sky
201,Concepcion Del Uruguay,AR,2022-01-30 12:17:56,-32.4825,-58.2372,74.98,65,0,8.01,clear sky
202,Nhulunbuy,AU,2022-01-30 12:17:56,-12.2333,136.7667,81.21,83,40,12.66,light rain
203,Kieta,PG,2022-01-30 12:17:56,-6.2167,155.6333,80.2,84,100,6.15,overcast clouds
204,Chicama,PE,2022-01-30 12:17:57,-7.8447,-79.1469,63.14,79,69,4.38,broken clouds
205,Dudinka,RU,2022-01-30 12:17:57,69.4058,86.1778,-4.38,95,99,13.2,overcast clouds
206,Westport,US,2022-01-30 12:17:57,41.1415,-73.3579,15.39,53,0,5.01,clear sky
207,Campbell River,CA,2022-01-30 12:16:05,50.0163,-125.2446,42.33,97,100,7.61,overcast clouds
208,Freeport,US,2022-01-30 12:13:56,40.6576,-73.5832,14.25,59,0,4.0,clear sky
209,Amnat Charoen,TH,2022-01-30 12:17:58,15.9167,104.75,84.31,64,28,8.14,scattered clouds
210,Fresno,US,2022-01-30 12:14:34,36.6666,-119.8343,44.94,87,20,3.44,haze
211,Geraldton,AU,2022-01-30 12:17:59,-28.7667,114.6,73.81,83,0,16.11,clear sky
212,Oil City,US,2022-01-30 12:17:59,41.4339,-79.7064,7.84,85,100,1.01,overcast clouds
213,Kota Belud,MY,2022-01-30 12:18:00,6.351,116.4305,80.46,90,92,3.02,overcast clouds
214,Victoria,HK,2022-01-30 12:16:22,22.2855,114.1577,62.33,67,40,3.0,scattered clouds
215,Boende,CD,2022-01-30 12:18:00,-0.2167,20.8667,99.75,15,89,3.53,overcast clouds
216,Chumikan,RU,2022-01-30 12:18:00,54.7183,135.315,4.98,84,100,16.98,overcast clouds
217,Ilhabela,BR,2022-01-30 12:18:01,-23.7781,-45.3581,73.71,94,100,3.13,light rain
218,Constitucion,CL,2022-01-30 12:18:01,-35.3333,-72.4167,61.9,82,14,4.5,few clouds
219,Roald,NO,2022-01-30 12:18:02,62.5833,6.1333,37.99,75,75,6.91,broken clouds
220,Balaipungut,ID,2022-01-30 12:18:02,1.05,101.2833,82.81,90,99,2.77,overcast clouds
221,Narsaq,GL,2022-01-30 12:18:03,60.9167,-46.05,8.82,69,94,11.23,overcast clouds
222,Pisco,PE,2022-01-30 12:18:03,-13.7,-76.2167,68.05,83,100,2.3,smoke
223,Watsa,CD,2022-01-30 12:18:03,3.0372,29.5355,92.17,17,9,5.44,clear sky
224,Srednekolymsk,RU,2022-01-30 12:18:04,67.45,153.6833,-30.01,100,87,2.26,overcast clouds
225,Kahului,US,2022-01-30 12:17:21,20.8947,-156.47,72.84,72,0,10.36,clear sky
226,Farafangana,MG,2022-01-30 12:18:04,-22.8167,47.8333,82.13,57,1,8.68,clear sky
227,Laguna,US,2022-01-30 12:17:09,38.421,-121.4238,50.5,92,0,0.0,clear sky
228,Inhambane,MZ,2022-01-30 12:18:04,-23.865,35.3833,87.78,55,40,6.91,scattered clouds
229,Mayor Pablo Lagerenza,PY,2022-01-30 12:19:05,-19.9309,-60.7718,80.76,52,3,3.49,clear sky
230,Vostok,RU,2022-01-30 12:19:05,46.4856,135.8833,-16.42,100,95,3.51,overcast clouds
231,Payakumbuh,ID,2022-01-30 12:19:05,-0.2202,100.6308,71.83,96,87,2.66,overcast clouds
232,Picota,PE,2022-01-30 12:19:06,-6.9197,-76.3304,84.69,99,100,0.65,overcast clouds
233,Nassau,US,2022-01-30 12:14:50,40.7507,-73.5829,13.93,61,0,1.01,clear sky
234,Namatanai,PG,2022-01-30 12:19:06,-3.6667,152.4333,79.92,82,93,5.03,light rain
235,Uarini,BR,2022-01-30 12:19:07,-2.99,-65.1083,78.75,95,95,3.29,overcast clouds
236,Erenhot,CN,2022-01-30 12:19:07,43.6475,111.9767,8.2,91,99,11.23,overcast clouds
237,Chokurdakh,RU,2022-01-30 12:19:08,70.6333,147.9167,-27.22,88,50,2.68,scattered clouds
238,Palana,RU,2022-01-30 12:19:08,59.1167,159.9667,8.17,87,94,15.46,overcast clouds
239,Tiksi,RU,2022-01-30 12:19:08,71.6872,128.8694,-13.81,100,51,3.98,broken clouds
240,Ahipara,NZ,2022-01-30 12:19:09,-35.1667,173.1667,61.25,89,99,6.64,overcast clouds
241,Vangaindrano,MG,2022-01-30 12:19:09,-23.35,47.6,83.19,57,0,9.62,clear sky
242,Lac Du Bonnet,CA,2022-01-30 12:19:09,50.2536,-96.0612,-5.01,100,100,2.98,overcast clouds
243,Klaksvik,FO,2022-01-30 12:19:10,62.2266,-6.589,38.32,65,100,16.96,overcast clouds
244,Westerland,DE,2022-01-30 12:19:10,54.9079,8.3033,44.02,65,75,26.46,broken clouds
245,Kalakamati,BW,2022-01-30 12:19:11,-20.5929,27.3121,77.77,59,94,12.75,moderate rain
246,Sur,OM,2022-01-30 12:19:11,22.5667,59.5289,79.3,48,0,5.5,clear sky
247,Kargasok,RU,2022-01-30 12:19:11,59.0556,80.8572,9.32,92,100,9.55,overcast clouds
248,Vanderhoof,CA,2022-01-30 12:19:12,54.0166,-124.0198,23.77,96,98,1.92,overcast clouds
249,San Cristobal,VE,2022-01-30 12:19:12,7.7669,-72.225,64.58,84,94,2.08,overcast clouds
250,Linjiang,CN,2022-01-30 12:19:13,41.8069,126.9078,4.12,96,10,0.72,clear sky
251,Muros,ES,2022-01-30 12:19:13,42.7762,-9.0603,63.86,53,0,1.28,clear sky
252,Cidreira,BR,2022-01-30 12:19:14,-30.1811,-50.2056,75.18,59,63,14.5,broken clouds
253,Saldanha,ZA,2022-01-30 12:19:14,-33.0117,17.9442,72.1,62,15,12.41,few clouds
254,Saint George,US,2022-01-30 12:15:40,37.1041,-113.5841,43.36,35,0,3.44,clear sky
255,Gayeri,BF,2022-01-30 12:19:14,12.6497,0.4931,88.18,6,4,18.75,clear sky
256,Luau,AO,2022-01-30 12:19:15,-10.7073,22.2247,73.94,84,61,8.05,moderate rain
257,Arraial Do Cabo,BR,2022-01-30 12:17:26,-22.9661,-42.0278,78.76,83,75,6.91,broken clouds
258,Joshimath,IN,2022-01-30 12:19:15,30.5667,79.5667,45.14,57,1,2.04,clear sky
259,Boa Vista,BR,2022-01-30 12:19:16,2.8197,-60.6733,78.78,61,0,12.66,clear sky
260,Arlit,NE,2022-01-30 12:19:16,18.7369,7.3853,82.36,9,1,15.86,clear sky
261,Guerrero Negro,MX,2022-01-30 12:19:17,27.9769,-114.0611,58.42,75,29,10.0,scattered clouds
262,Atbasar,KZ,2022-01-30 12:19:17,51.8,68.3333,14.72,92,100,12.46,overcast clouds
263,Kiunga,PG,2022-01-30 12:15:27,-6.1219,141.2906,73.08,97,100,1.39,overcast clouds
264,Buraydah,SA,2022-01-30 12:19:17,26.326,43.975,70.25,30,2,4.32,clear sky
265,Ambagarh Chauki,IN,2022-01-30 12:19:18,20.7833,80.7167,74.48,19,0,6.53,clear sky
266,Inzer,RU,2022-01-30 12:19:18,54.2167,57.5556,23.05,95,100,2.91,overcast clouds
267,Mount Gambier,AU,2022-01-30 12:19:18,-37.8333,140.7667,62.87,97,13,5.03,few clouds
268,Fare,PF,2022-01-30 12:19:19,-16.7,-151.0167,80.15,72,44,7.0,scattered clouds
269,San Quintin,MX,2022-01-30 12:19:19,30.4833,-115.95,55.4,74,0,4.92,clear sky
270,Umarkot,PK,2022-01-30 12:19:19,25.3616,69.7362,83.59,25,0,13.18,clear sky
271,Kenai,US,2022-01-30 12:16:57,60.5544,-151.2583,18.03,93,100,0.0,overcast clouds
272,Banda Aceh,ID,2022-01-30 12:19:20,5.5577,95.3222,80.28,73,88,6.24,overcast clouds
273,Huangchuan,CN,2022-01-30 12:19:20,32.1272,115.0394,39.34,70,88,0.67,overcast clouds
274,Henties Bay,NA,2022-01-30 12:19:21,-22.116,14.2845,69.85,72,100,11.63,overcast clouds
275,Grand Bank,CA,2022-01-30 12:20:21,47.0999,-55.765,44.6,98,100,28.92,overcast clouds
276,Marsabit,KE,2022-01-30 12:20:21,2.3284,37.9899,78.82,34,78,13.76,broken clouds
277,Adrar,MR,2022-01-30 12:20:22,20.5022,-10.0711,82.24,10,100,18.48,overcast clouds
278,Leon,MX,2022-01-30 12:18:26,21.1167,-101.6667,42.85,69,0,2.59,clear sky
279,Bataipora,BR,2022-01-30 12:20:22,-22.2953,-53.2711,76.08,85,32,5.01,scattered clouds
280,Quixada,BR,2022-01-30 12:20:22,-4.9714,-39.0153,81.59,64,89,6.8,overcast clouds
281,Katobu,ID,2022-01-30 12:20:23,-4.9408,122.5276,78.26,80,99,1.97,overcast clouds
282,Raudeberg,NO,2022-01-30 12:20:23,61.9875,5.1352,36.86,62,100,16.44,overcast clouds
283,Sao Pedro Do Sul,BR,2022-01-30 12:20:23,-29.6206,-54.1789,68.65,58,0,8.5,clear sky
284,Broken Hill,AU,2022-01-30 12:20:24,-31.95,141.4333,85.82,47,99,8.19,overcast clouds
285,Nishihara,JP,2022-01-30 12:20:24,26.1842,127.7558,60.85,77,100,26.46,overcast clouds
286,Bandarbeyla,SO,2022-01-30 12:20:25,9.4942,50.8122,77.97,65,100,18.12,overcast clouds
287,Verkhnevilyuysk,RU,2022-01-30 12:20:25,63.4453,120.3167,-20.16,100,68,4.25,broken clouds
288,Byron Bay,AU,2022-01-30 12:17:42,-28.65,153.6167,75.87,88,94,7.58,moderate rain
289,Chaman,PK,2022-01-30 12:20:26,30.9236,66.4512,57.18,35,1,8.9,clear sky
290,Butaritari,KI,2022-01-30 12:20:26,3.0707,172.7902,82.02,77,100,21.25,overcast clouds
291,Nhamunda,BR,2022-01-30 12:20:26,-2.1861,-56.7131,73.0,97,100,1.28,moderate rain
292,Olafsvik,IS,2022-01-30 12:20:27,64.8945,-23.7142,29.7,74,100,40.58,light snow
293,Makinsk,KZ,2022-01-30 12:20:27,52.6292,70.4169,14.4,94,99,13.47,overcast clouds
294,Albertville,US,2022-01-30 12:20:27,34.2676,-86.2089,31.8,56,0,9.22,clear sky
295,Elizabethtown,US,2022-01-30 12:20:09,37.694,-85.8591,29.25,57,0,0.0,clear sky
296,Lotofaga,WS,2022-01-30 12:20:28,-13.9764,-171.8578,74.98,76,58,12.26,light rain
297,Zaragoza,ES,2022-01-30 12:20:28,41.6561,-0.8773,54.12,39,0,1.99,clear sky
298,Shizunai,JP,2022-01-30 12:19:33,42.3339,142.3669,18.91,60,96,15.05,overcast clouds
299,Warrington,GB,2022-01-30 12:20:28,53.3925,-2.5802,47.91,74,40,1.99,scattered clouds
300,Loyga,RU,2022-01-30 12:20:29,61.0784,44.6075,13.44,95,95,5.99,snow
301,Jalu,LY,2022-01-30 12:20:29,29.0331,21.5482,59.05,41,73,20.15,broken clouds
302,Penzance,GB,2022-01-30 12:20:29,50.1186,-5.5371,52.81,76,94,6.89,overcast clouds
303,Conde,BR,2022-01-30 12:20:30,-7.2597,-34.9075,81.86,83,75,4.61,broken clouds
304,Nome,US,2022-01-30 12:20:30,64.5011,-165.4064,-8.84,77,0,0.0,clear sky
305,Hirara,JP,2022-01-30 12:20:30,24.8,125.2833,62.85,74,100,33.91,overcast clouds
306,Tacoronte,ES,2022-01-30 12:20:31,28.4769,-16.4102,63.75,72,20,9.22,haze
307,Bandar-E Lengeh,IR,2022-01-30 12:20:31,26.5579,54.8807,75.31,43,0,16.11,clear sky
308,Hamilton,US,2022-01-30 12:18:03,39.1834,-84.5333,23.2,74,0,1.01,clear sky
309,Tarko-Sale,RU,2022-01-30 12:20:32,64.9225,77.785,-4.81,97,89,8.77,overcast clouds
310,Ewa Beach,US,2022-01-30 12:20:32,21.3156,-158.0072,73.35,72,0,8.99,clear sky
311,Parkes,AU,2022-01-30 12:20:33,-33.1333,148.1833,74.01,64,73,4.14,broken clouds
312,Chalmette,US,2022-01-30 12:20:33,29.9427,-89.9634,46.0,67,0,1.99,clear sky
313,Port Hardy,CA,2022-01-30 12:20:33,50.6996,-127.4199,42.76,93,100,17.27,overcast clouds
314,Qaqortoq,GL,2022-01-30 12:20:34,60.7167,-46.0333,9.1,76,89,11.32,overcast clouds
315,Suoyarvi,RU,2022-01-30 12:20:34,62.0833,32.35,19.33,95,100,9.37,snow
316,Baruun-Urt,MN,2022-01-30 12:20:34,46.6806,113.2792,-0.22,88,100,9.13,overcast clouds
317,Sao Joao Da Barra,BR,2022-01-30 12:20:35,-21.6403,-41.0511,78.89,79,92,5.55,overcast clouds
318,Hofn,IS,2022-01-30 12:20:35,64.2539,-15.2082,34.41,97,100,10.36,snow
319,Tabuk,PH,2022-01-30 12:20:35,17.4189,121.4443,70.93,91,96,9.01,overcast clouds
320,Sungaipenuh,ID,2022-01-30 12:20:36,-2.0833,101.3833,67.1,98,100,0.74,moderate rain
321,Donetsk,UA,2022-01-30 12:20:36,48.0,37.8,32.81,87,100,13.73,overcast clouds
322,Longyearbyen,SJ,2022-01-30 12:20:36,78.2186,15.6401,8.44,66,20,16.11,few clouds
323,Fethiye,TR,2022-01-30 12:21:37,36.6217,29.1164,60.67,53,61,5.99,broken clouds
324,Shingu,JP,2022-01-30 12:21:37,33.7333,135.9833,41.36,67,99,6.69,overcast clouds
325,Ponnani,IN,2022-01-30 12:21:38,10.767,75.9252,88.92,65,6,9.51,clear sky
326,Mount Pleasant,US,2022-01-30 12:21:38,32.7941,-79.8626,23.14,83,0,0.0,clear sky
327,Villa Carlos Paz,AR,2022-01-30 12:21:38,-31.4241,-64.4978,77.25,10,0,1.99,clear sky
328,College,US,2022-01-30 12:21:39,64.8569,-147.8028,-27.35,67,0,0.0,light snow
329,Kodinsk,RU,2022-01-30 12:21:39,58.6881,99.1844,0.66,100,99,1.01,overcast clouds
330,Port Blair,IN,2022-01-30 12:21:39,11.6667,92.75,80.64,65,20,3.44,haze
331,Ilulissat,GL,2022-01-30 12:21:40,69.2167,-51.1,8.62,66,75,12.66,light shower snow
332,Eureka,US,2022-01-30 12:19:57,40.8021,-124.1637,47.93,81,24,1.01,few clouds
333,Yining,CN,2022-01-30 12:21:40,29.0361,114.5636,39.94,81,85,2.08,overcast clouds
334,Bereda,ES,2022-01-30 12:21:41,43.2686,-7.5406,58.41,44,10,0.56,clear sky
335,Mabaruma,GY,2022-01-30 12:21:41,8.2,-59.7833,74.5,78,60,1.79,broken clouds
336,Provideniya,RU,2022-01-30 12:21:41,64.3833,-173.3,3.96,80,3,5.75,clear sky
337,Lipari,IT,2022-01-30 12:21:42,38.4674,14.954,59.54,65,5,16.11,clear sky
338,Nabire,ID,2022-01-30 12:21:42,-3.3667,135.4833,75.69,92,100,4.68,light rain
339,Katsuura,JP,2022-01-30 12:21:42,35.1333,140.3,43.2,50,100,6.82,overcast clouds
340,Shieli,KZ,2022-01-30 12:21:42,44.1667,66.75,29.52,82,6,4.23,clear sky
341,Oistins,BB,2022-01-30 12:18:36,13.0667,-59.5333,78.89,69,20,17.27,few clouds
342,Progreso,MX,2022-01-30 12:21:43,21.2833,-89.6667,60.12,58,97,8.41,overcast clouds
343,Camana,PE,2022-01-30 12:21:43,-16.6228,-72.7111,69.85,74,70,3.29,broken clouds
344,Sao Filipe,CV,2022-01-30 12:21:44,14.8961,-24.4956,71.01,71,99,14.14,overcast clouds
345,Belaya Gora,RU,2022-01-30 12:21:44,68.5333,146.4167,-29.29,100,55,0.81,broken clouds
346,Kavaratti,IN,2022-01-30 12:21:44,10.5669,72.642,82.06,67,49,10.27,scattered clouds
347,Kardasova Recice,CZ,2022-01-30 12:21:45,49.1848,14.8532,42.33,67,91,28.99,overcast clouds
348,Fortuna,US,2022-01-30 12:21:45,40.5982,-124.1573,47.66,95,100,0.0,overcast clouds
349,Nouadhibou,MR,2022-01-30 12:21:45,20.931,-17.0347,67.98,64,100,20.71,haze
350,Taltal,CL,2022-01-30 12:21:46,-25.4,-70.4833,64.45,77,73,1.63,broken clouds
351,Telenesti,MD,2022-01-30 12:21:46,47.4997,28.3656,48.67,68,86,13.82,overcast clouds
352,Yuzhno-Sukhokumsk,RU,2022-01-30 12:21:47,44.6581,45.6436,40.73,64,85,8.5,overcast clouds
353,Aswan,EG,2022-01-30 12:21:47,24.0934,32.907,66.7,22,43,11.72,scattered clouds
354,Atyrau,KZ,2022-01-30 12:21:43,47.1167,51.8833,33.82,86,40,13.42,mist
355,Teya,RU,2022-01-30 12:21:17,60.3778,92.6267,-6.41,100,96,2.57,overcast clouds
356,Sobolevo,RU,2022-01-30 12:21:48,54.4299,31.8996,30.97,97,100,11.52,snow
357,Nyuksenitsa,RU,2022-01-30 12:21:48,60.4128,44.2397,15.06,95,78,6.17,broken clouds
358,Kupang,ID,2022-01-30 12:21:48,-10.1667,123.5833,81.18,89,40,10.36,scattered clouds
359,Panjab,AF,2022-01-30 12:21:49,34.388,67.0233,25.03,88,99,2.26,overcast clouds
360,La Palma,US,2022-01-30 12:21:49,33.8464,-118.0467,61.93,63,0,3.44,clear sky
361,Havoysund,NO,2022-01-30 12:21:49,70.9963,24.6622,29.28,59,100,18.05,overcast clouds
362,Maniitsoq,GL,2022-01-30 12:21:50,65.4167,-52.9,11.84,78,100,23.78,light snow
363,Cabo San Lucas,MX,2022-01-30 12:20:57,22.8909,-109.9124,67.51,79,14,6.73,few clouds
364,Ravar,IR,2022-01-30 12:21:50,31.2656,56.8055,52.57,26,2,6.46,clear sky
365,Manhumirim,BR,2022-01-30 12:21:50,-20.3578,-41.9581,76.01,82,99,4.14,overcast clouds
366,Mehamn,NO,2022-01-30 12:21:51,71.0357,27.8492,30.15,64,75,16.11,broken clouds
367,Vila Velha,BR,2022-01-30 12:21:51,-20.3297,-40.2925,80.55,84,20,5.75,few clouds
368,Klichka,RU,2022-01-30 12:21:51,50.4457,117.996,-15.5,97,8,3.53,clear sky
369,Marsaxlokk,MT,2022-01-30 12:21:52,35.8419,14.5431,60.08,55,2,17.27,clear sky
370,Berlevag,NO,2022-01-30 12:22:52,70.8578,29.0864,30.2,77,99,19.64,light snow
371,Zhengjiatun,CN,2022-01-30 12:22:52,43.5064,123.5064,5.79,87,2,2.1,clear sky
372,Nizhnyaya Poyma,RU,2022-01-30 12:22:53,56.1622,97.1933,3.74,98,100,0.96,overcast clouds
373,Hami,CN,2022-01-30 12:22:53,42.8,93.45,25.72,37,80,2.64,broken clouds
374,Andros Town,BS,2022-01-30 12:22:54,24.7,-77.7667,58.96,61,3,11.9,clear sky
375,Lavrentiya,RU,2022-01-30 12:22:54,65.5833,-171.0,-2.76,85,19,4.79,few clouds
376,Visakhapatnam,IN,2022-01-30 12:22:54,17.69,83.2093,76.89,65,20,6.91,haze
377,Barahona,DO,2022-01-30 12:22:55,18.2085,-71.1008,67.82,100,20,0.0,few clouds
378,Smirnykh,RU,2022-01-30 12:22:55,49.75,142.8333,-2.24,91,89,5.97,overcast clouds
379,Nalut,LY,2022-01-30 12:22:55,30.3333,10.85,54.68,41,0,11.52,clear sky
380,Kota Bahru,MY,2022-01-30 12:22:56,6.1333,102.2386,78.75,83,20,5.75,few clouds
381,Saqqez,IR,2022-01-30 12:22:56,36.2499,46.2735,31.64,76,56,5.82,broken clouds
382,Ferme-Neuve,CA,2022-01-30 12:22:56,46.7001,-75.4493,-20.42,98,19,1.59,few clouds
383,Marawi,PH,2022-01-30 12:22:57,7.9986,124.2928,71.65,93,59,1.83,broken clouds
384,Rawson,AR,2022-01-30 12:22:57,-43.3002,-65.1023,59.29,55,40,17.27,scattered clouds
385,Nemuro,JP,2022-01-30 12:22:57,43.3236,145.575,18.3,64,68,12.37,broken clouds
386,Tuatapere,NZ,2022-01-30 12:22:58,-46.1333,167.6833,59.83,94,85,2.3,overcast clouds
387,Sakaiminato,JP,2022-01-30 12:22:58,35.55,133.2333,37.38,93,75,5.75,broken clouds
388,Parrita,CR,2022-01-30 12:22:58,9.5201,-84.3225,78.57,66,12,4.14,few clouds
389,Rurrenabaque,BO,2022-01-30 12:22:59,-14.4413,-67.5278,72.64,96,100,0.6,overcast clouds
390,Komsomolskiy,UZ,2022-01-30 12:22:59,40.4272,71.7189,42.22,70,80,4.61,mist
391,Huarmey,PE,2022-01-30 12:22:59,-10.0681,-78.1522,69.66,87,100,5.66,overcast clouds
392,Oranjemund,NA,2022-01-30 12:23:00,-28.55,16.4333,72.86,68,19,15.01,few clouds
393,Shenjiamen,CN,2022-01-30 12:23:00,29.9576,122.298,42.51,68,93,15.68,overcast clouds
394,Oktyabrskiy,RU,2022-01-30 12:23:00,54.4815,53.471,21.22,94,96,6.64,overcast clouds
395,Acapulco,MX,2022-01-30 12:22:31,16.8634,-99.8901,73.22,88,0,3.44,clear sky
396,Fairbanks,US,2022-01-30 12:23:01,64.8378,-147.7164,-27.44,66,0,0.0,light snow
397,Aklavik,CA,2022-01-30 12:23:01,68.2191,-135.0107,-10.37,91,100,6.33,overcast clouds
398,Okhotsk,RU,2022-01-30 12:23:01,59.3833,143.3,15.17,81,100,12.08,overcast clouds
399,Padang,ID,2022-01-30 12:23:02,-0.9492,100.3543,80.65,85,100,3.56,overcast clouds
400,Teguldet,RU,2022-01-30 12:23:02,57.3064,88.1667,0.86,100,94,3.51,overcast clouds
401,Borba,BR,2022-01-30 12:23:02,-4.3878,-59.5939,73.08,98,100,4.09,light rain
402,Ambon,ID,2022-01-30 12:23:03,-3.6954,128.1814,84.34,74,40,6.91,scattered clouds
403,Paamiut,GL,2022-01-30 12:23:03,61.994,-49.6678,1.83,79,100,13.87,overcast clouds
404,Sturgis,US,2022-01-30 12:23:04,41.7992,-85.4192,17.65,85,100,3.44,overcast clouds
405,Beaumont,US,2022-01-30 12:23:04,30.0861,-94.1019,46.38,100,0,0.0,clear sky
406,Beloomut,RU,2022-01-30 12:20:20,54.9448,39.3394,23.04,92,89,10.76,overcast clouds
407,Maragogi,BR,2022-01-30 12:23:04,-9.0122,-35.2225,81.91,73,78,10.0,broken clouds
408,Leningradskiy,RU,2022-01-30 12:23:05,69.3833,178.4167,-8.86,95,100,3.58,overcast clouds
409,Agropoli,IT,2022-01-30 12:23:05,40.3469,14.9966,56.28,53,0,3.27,clear sky
410,Asau,RO,2022-01-30 12:23:05,46.4333,26.4,44.76,63,85,12.91,overcast clouds
411,Aksu,CN,2022-01-30 12:23:06,41.1231,80.2644,30.79,38,91,5.95,overcast clouds
412,Nadvoitsy,RU,2022-01-30 12:23:06,63.8667,34.3167,17.31,94,100,5.41,overcast clouds
413,Suntar,RU,2022-01-30 12:23:06,62.1444,117.6319,-10.1,98,42,4.92,scattered clouds
414,Santa Maria,BR,2022-01-30 12:20:35,-29.6842,-53.8069,69.1,83,75,8.05,broken clouds
415,Port Lincoln,AU,2022-01-30 12:23:07,-34.7333,135.8667,68.76,82,0,10.47,clear sky
416,Nantucket,US,2022-01-30 12:21:32,41.2835,-70.0995,17.71,61,0,21.85,clear sky
417,Bakchar,RU,2022-01-30 12:24:07,57.0186,82.0711,7.56,95,90,5.91,overcast clouds
418,Walvis Bay,NA,2022-01-30 12:24:07,-22.9575,14.5053,74.35,64,85,12.66,overcast clouds
419,Cayenne,GF,2022-01-30 12:24:08,4.9333,-52.3333,79.09,87,100,1.01,overcast clouds
420,Kuusamo,FI,2022-01-30 12:24:08,65.9667,29.1833,12.24,85,40,4.61,scattered clouds
421,Revelstoke,CA,2022-01-30 12:24:09,50.9832,-118.2023,26.62,93,100,3.44,light snow
422,Meadow Lake,US,2022-01-30 12:24:09,34.8014,-106.5436,36.68,40,80,3.51,broken clouds
423,Airai,TL,2022-01-30 12:24:09,-8.9266,125.4092,62.02,90,100,3.2,overcast clouds
424,Turukhansk,RU,2022-01-30 12:24:10,65.8167,87.9833,1.45,96,100,8.5,overcast clouds
425,Acarau,BR,2022-01-30 12:24:10,-2.8856,-40.12,76.68,86,100,11.41,overcast clouds
426,Susehri,TR,2022-01-30 12:24:10,40.1644,38.0867,27.19,90,99,3.67,light snow
427,Ambilobe,MG,2022-01-30 12:24:11,-13.2,49.05,83.19,74,68,6.98,light rain
428,Peterhead,GB,2022-01-30 12:24:11,57.5058,-1.7981,43.2,71,100,16.82,overcast clouds
429,Ponta Delgada,PT,2022-01-30 12:24:12,37.7333,-25.6667,59.72,67,40,12.66,scattered clouds
430,Mamallapuram,IN,2022-01-30 12:24:12,12.6264,80.1722,82.45,74,23,13.02,few clouds
431,Qasigiannguit,GL,2022-01-30 12:24:12,68.8193,-51.1922,8.85,78,100,10.36,overcast clouds
432,Raahe,FI,2022-01-30 12:24:13,64.6833,24.4833,19.49,92,100,14.25,overcast clouds
433,Srikakulam,IN,2022-01-30 12:24:13,18.3,83.9,72.54,66,4,8.14,clear sky
434,Dakar,SN,2022-01-30 12:24:14,14.6937,-17.4441,79.68,61,0,24.16,clear sky
435,Zaysan,KZ,2022-01-30 12:24:14,47.4667,84.8667,3.06,88,64,2.89,broken clouds
436,Bongandanga,CD,2022-01-30 12:24:14,1.5,21.05,100.29,12,8,4.52,clear sky
437,Rocha,UY,2022-01-30 12:23:26,-34.4833,-54.3333,71.98,67,43,9.53,scattered clouds
438,Yarmouth,US,2022-01-30 12:24:15,41.7057,-70.2286,17.6,89,100,19.77,overcast clouds
439,Dryden,CA,2022-01-30 12:24:15,49.7833,-92.7503,-7.31,84,0,4.61,clear sky
440,Guadalupe Y Calvo,MX,2022-01-30 12:24:16,26.1,-106.9667,36.88,72,28,4.81,scattered clouds
441,Lodja,CD,2022-01-30 12:24:16,-3.4833,23.4333,96.82,26,96,2.57,overcast clouds
442,Vila,PT,2022-01-30 12:24:16,42.0304,-8.1588,55.33,37,0,1.25,clear sky
443,Horta,PT,2022-01-30 12:24:17,38.5333,-28.6333,60.44,63,40,19.57,scattered clouds
444,Neftcala,AZ,2022-01-30 12:24:17,39.3742,49.2472,49.32,42,88,2.71,overcast clouds
445,Kamaishi,JP,2022-01-30 12:24:17,39.2667,141.8833,26.71,57,30,9.31,scattered clouds
446,Masyaf,SY,2022-01-30 12:24:17,35.0653,36.3406,53.65,67,85,5.01,overcast clouds
447,Gizo,SB,2022-01-30 12:24:18,-8.103,156.8419,82.62,77,100,8.19,overcast clouds
448,Beira,MZ,2022-01-30 12:24:18,-19.8436,34.8389,86.09,66,20,11.5,few clouds
449,Pyu,MM,2022-01-30 12:24:18,18.4833,96.4333,72.16,30,1,5.68,clear sky
450,Passo Fundo,BR,2022-01-30 12:23:59,-28.2628,-52.4067,65.97,75,77,10.85,broken clouds
451,Uitenhage,ZA,2022-01-30 12:24:19,-33.7576,25.3971,91.42,38,16,14.38,few clouds
452,Araguari,BR,2022-01-30 12:24:19,-18.6472,-48.1872,71.89,82,100,6.4,overcast clouds
453,Bauchi,NG,2022-01-30 12:24:20,10.5,10.0,82.63,10,57,11.27,broken clouds
454,Antigonish,CA,2022-01-30 12:24:20,45.6169,-61.9986,32.04,83,88,15.01,overcast clouds
455,Lazarev,RU,2022-01-30 12:24:20,52.225,141.5131,-14.21,96,21,6.06,few clouds
456,Valparaiso,CL,2022-01-30 12:19:40,-33.0393,-71.6273,64.47,69,40,2.3,scattered clouds
457,Dali,CN,2022-01-30 12:24:21,25.7,100.1833,43.18,71,58,5.59,broken clouds
458,Ostrovnoy,RU,2022-01-30 12:24:21,68.0531,39.5131,12.24,92,100,7.63,overcast clouds
459,Aba,NG,2022-01-30 12:24:21,5.1066,7.3667,94.46,13,100,6.85,overcast clouds
460,Buchanan,LR,2022-01-30 12:24:22,5.8808,-10.0467,89.56,61,67,4.54,broken clouds
461,Beringovskiy,RU,2022-01-30 12:24:22,63.05,179.3167,-12.32,100,84,4.83,broken clouds
462,Vagay,RU,2022-01-30 12:25:22,57.9375,69.0217,7.32,96,100,4.38,overcast clouds
463,Harper,LR,2022-01-30 12:25:23,4.375,-7.7169,86.54,63,39,3.38,scattered clouds
464,Olmos,PE,2022-01-30 12:25:23,-5.9847,-79.7453,71.15,73,100,2.21,overcast clouds
465,Chingirlau,KZ,2022-01-30 12:25:23,51.095,54.0814,31.33,95,100,17.63,light snow
466,Miyazu,JP,2022-01-30 12:25:24,35.5333,135.1833,35.76,85,100,5.39,overcast clouds
467,Havre-Saint-Pierre,CA,2022-01-30 12:25:24,50.2334,-63.5986,10.99,85,100,26.46,overcast clouds
468,Dalbandin,PK,2022-01-30 12:25:25,28.8947,64.4101,69.93,22,0,8.9,clear sky
469,Sefton,NZ,2022-01-30 12:25:25,-43.25,172.6667,64.98,86,100,6.26,overcast clouds
470,Mastic Beach,US,2022-01-30 12:25:25,40.7668,-72.8521,15.03,52,0,8.05,clear sky
471,El Alto,PE,2022-01-30 12:25:26,-4.2714,-81.2147,70.81,75,100,13.27,overcast clouds
472,Vila Franca Do Campo,PT,2022-01-30 12:25:26,37.7167,-25.4333,59.41,73,66,16.51,broken clouds
473,Caraquet,CA,2022-01-30 12:22:29,47.7941,-64.9386,18.34,92,100,17.11,snow
474,Yerbogachen,RU,2022-01-30 12:25:26,61.2767,108.0108,-6.72,100,100,2.82,overcast clouds
475,Amuntai,ID,2022-01-30 12:25:27,-2.4177,115.2494,78.82,74,94,2.06,moderate rain
476,San Joaquin,US,2022-01-30 12:25:27,37.9333,-121.3011,44.47,93,0,6.91,mist
477,Opuwo,NA,2022-01-30 12:25:27,-18.0607,13.84,87.58,15,78,14.47,broken clouds
478,Tateyama,JP,2022-01-30 12:25:28,34.9833,139.8667,43.11,48,100,9.15,overcast clouds
479,Ascension,US,2022-01-30 12:25:28,30.2169,-90.9001,41.22,87,0,0.0,clear sky
480,Salalah,OM,2022-01-30 12:25:29,17.0151,54.0924,78.89,57,20,5.75,few clouds
481,Kasangulu,CD,2022-01-30 12:25:29,-4.5911,15.1708,86.88,56,88,6.49,light rain
482,Igunga,TZ,2022-01-30 12:25:30,-4.2833,33.8833,80.51,55,90,2.95,overcast clouds
483,Sao Felix Do Xingu,BR,2022-01-30 12:25:30,-6.6447,-51.995,70.48,95,100,0.98,light rain
484,Sterling,US,2022-01-30 12:25:30,39.0062,-77.4286,17.92,67,40,0.0,scattered clouds
485,Kruisfontein,ZA,2022-01-30 12:25:31,-34.0033,24.7314,89.89,44,0,15.41,clear sky
486,Vanimo,PG,2022-01-30 12:25:31,-2.6741,141.3028,79.05,83,96,10.71,overcast clouds
487,Abu Samrah,SY,2022-01-30 12:25:31,35.3029,37.1841,52.03,51,96,2.55,overcast clouds
488,Solano,US,2022-01-30 12:25:32,38.2333,-121.9511,50.5,86,0,3.44,clear sky
489,Labuan,MY,2022-01-30 12:25:32,5.2767,115.2417,77.36,94,20,1.14,few clouds
490,Saint-Denis,FR,2022-01-30 12:25:32,48.9167,2.3333,51.24,68,75,1.99,broken clouds
491,Forestville,US,2022-01-30 12:25:33,38.8451,-76.875,18.63,64,20,5.75,few clouds
492,Visnes,NO,2022-01-30 12:25:33,59.3556,5.2242,41.58,65,75,21.85,broken clouds
493,Grand Gaube,MU,2022-01-30 12:25:33,-20.0064,57.6608,87.39,57,28,8.01,scattered clouds
494,Muli,MV,2022-01-30 12:25:34,2.9167,73.5667,82.69,72,87,13.58,overcast clouds
495,Muscat,OM,2022-01-30 12:22:57,23.6139,58.5922,77.02,59,0,7.67,clear sky
496,Pennsville,US,2022-01-30 12:25:34,39.6535,-75.5166,13.89,59,0,6.91,clear sky
497,Zhigansk,RU,2022-01-30 12:25:34,66.7697,123.3711,-32.51,100,94,4.27,overcast clouds
498,Iquitos,PE,2022-01-30 12:24:59,-3.7481,-73.2472,75.24,94,0,0.0,clear sky
499,Elbrus,RU,2022-01-30 12:25:35,43.2577,42.6443,22.37,89,99,8.66,light snow
500,Srivardhan,IN,2022-01-30 12:25:35,18.0333,73.0167,79.18,50,3,10.45,clear sky
501,Kununurra,AU,2022-01-30 12:25:36,-15.7667,128.7333,82.38,78,75,12.66,broken clouds
502,San Agustin,MX,2022-01-30 12:25:36,20.5333,-103.4667,54.57,63,1,0.87,clear sky
503,Sarh,TD,2022-01-30 12:25:36,9.1429,18.3923,93.11,14,0,0.0,clear sky
504,Lefka,CY,2022-01-30 12:25:37,35.1106,32.8506,58.08,73,88,10.25,overcast clouds
505,Lockport,US,2022-01-30 12:25:37,41.5895,-88.0578,17.11,89,0,0.0,clear sky
506,Altay,CN,2022-01-30 12:25:37,47.8667,88.1167,4.39,63,98,7.05,overcast clouds
507,Lapua,FI,2022-01-30 12:25:38,62.9693,23.0088,27.28,93,100,9.98,light snow
508,Los Algarrobos,PA,2022-01-30 12:26:38,8.5,-82.4333,70.21,94,20,2.3,few clouds
509,Magdagachi,RU,2022-01-30 12:26:39,53.45,125.8,-1.71,89,66,5.21,broken clouds
510,Alofi,NU,2022-01-30 12:26:39,-19.0595,-169.9187,75.09,94,94,1.14,overcast clouds
511,Carsamba,TR,2022-01-30 12:26:39,41.1989,36.7219,51.55,32,40,2.3,scattered clouds
512,Anadyr,RU,2022-01-30 12:26:40,64.75,177.4833,-12.5,77,100,2.24,fog
513,Dwarka,IN,2022-01-30 12:26:40,22.2394,68.9678,72.05,57,1,10.96,clear sky
514,Juneau,US,2022-01-30 12:24:46,58.3019,-134.4197,34.21,92,100,8.05,light snow
515,Waingapu,ID,2022-01-30 12:26:41,-9.6567,120.2641,80.56,75,86,10.96,overcast clouds
516,Port-Cartier,CA,2022-01-30 12:26:16,50.0334,-66.8654,5.76,83,100,16.2,overcast clouds
517,Channel-Port Aux Basques,CA,2022-01-30 12:26:41,47.5702,-59.1367,39.96,83,100,39.8,overcast clouds
518,Taksimo,RU,2022-01-30 12:26:41,56.3444,114.8794,-15.41,92,23,2.17,few clouds
519,Amga,RU,2022-01-30 12:26:42,60.8953,131.9608,-25.65,100,98,1.81,overcast clouds
520,Cockburn Town,TC,2022-01-30 12:26:42,21.4612,-71.1419,75.52,75,13,16.26,few clouds
521,Odweyne,SO,2022-01-30 12:26:43,9.4092,45.064,81.41,19,44,18.54,scattered clouds
522,Sri Aman,MY,2022-01-30 12:26:43,1.2376,111.4621,82.45,89,90,4.61,overcast clouds
523,Leticia,CO,2022-01-30 12:26:43,-4.2153,-69.9406,77.05,94,75,3.44,broken clouds
524,Chute-Aux-Outardes,CA,2022-01-30 12:26:44,49.1168,-68.399,7.11,72,100,13.8,overcast clouds
525,Neyshabur,IR,2022-01-30 12:26:44,36.2133,58.7958,44.11,28,0,3.89,clear sky
526,Carnarvon,AU,2022-01-30 12:26:44,-24.8667,113.6333,78.87,83,1,19.57,clear sky
527,Alihe,CN,2022-01-30 12:26:45,50.5667,123.7167,-3.64,96,11,3.09,few clouds
528,Omboue,GA,2022-01-30 12:26:45,-1.5746,9.2618,84.45,66,90,8.75,light rain
529,Pevek,RU,2022-01-30 12:26:45,69.7008,170.3133,-10.75,94,100,0.94,overcast clouds
530,Callaway,US,2022-01-30 12:22:21,30.153,-85.5699,28.33,86,0,0.0,clear sky
531,Comodoro Rivadavia,AR,2022-01-30 12:26:46,-45.8667,-67.5,58.86,31,20,20.71,few clouds
532,Whitehorse,CA,2022-01-30 12:26:46,60.7161,-135.0538,11.17,83,100,8.99,light snow
533,Ko Samui,TH,2022-01-30 12:26:47,9.5357,99.9357,84.11,74,0,3.44,clear sky
534,Mahebourg,MU,2022-01-30 12:26:47,-20.4081,57.7,87.26,66,40,12.66,scattered clouds
535,Haverfordwest,GB,2022-01-30 12:26:47,51.8017,-4.9691,47.8,89,100,1.01,overcast clouds
536,Mizan Teferi,ET,2022-01-30 12:26:48,6.9833,35.5833,86.41,22,88,3.83,overcast clouds
537,Biloela,AU,2022-01-30 12:26:48,-24.4167,150.5,73.53,84,62,6.55,broken clouds
538,Zaykovo,RU,2022-01-30 12:26:48,57.5613,62.7568,10.29,96,100,1.12,overcast clouds
539,Smithers,CA,2022-01-30 12:26:49,54.7804,-127.1743,26.92,100,100,0.0,overcast clouds
540,Jumla,NP,2022-01-30 12:26:49,29.2747,82.1838,41.7,54,0,3.62,clear sky
541,Impfondo,CG,2022-01-30 12:26:49,1.6381,18.0667,100.56,13,93,4.14,overcast clouds
542,Tiarei,PF,2022-01-30 12:26:50,-17.5333,-149.3333,77.02,75,62,8.01,light rain
543,Kilifi,KE,2022-01-30 12:26:50,-3.6305,39.8499,88.18,66,95,16.2,overcast clouds
544,Tonantins,BR,2022-01-30 12:26:51,-2.8731,-67.8022,74.77,91,100,4.03,overcast clouds
545,Novyy Urengoy,RU,2022-01-30 12:26:51,66.0833,76.6333,-10.35,99,92,8.39,overcast clouds
546,Viareggio,IT,2022-01-30 12:26:51,43.8735,10.2558,59.0,74,81,13.0,broken clouds
547,Male,MV,2022-01-30 12:26:51,4.1748,73.5089,85.95,70,75,13.8,broken clouds
548,Karaman,TR,2022-01-30 12:26:52,37.0833,33.25,32.16,100,99,16.28,overcast clouds
549,Linares,CL,2022-01-30 12:26:52,-35.85,-71.6,61.27,77,14,6.08,few clouds
550,North Bend,US,2022-01-30 12:26:53,43.4065,-124.2243,43.12,99,20,4.61,few clouds
551,Alta Floresta,BR,2022-01-30 12:26:53,-9.8756,-56.0861,69.96,99,100,3.4,overcast clouds
552,Anloga,GH,2022-01-30 12:26:53,5.7947,0.8973,93.42,36,97,9.08,overcast clouds
553,Emirdag,TR,2022-01-30 12:27:54,39.0197,31.15,33.01,95,32,2.15,scattered clouds
554,Poykovskiy,RU,2022-01-30 12:27:54,61.2333,73.3333,3.49,85,0,8.95,clear sky
555,Saint Anthony,US,2022-01-30 12:27:54,45.0205,-93.218,21.04,69,100,10.36,overcast clouds
556,Yuzhnyy,RU,2022-01-30 12:27:54,53.2542,83.6936,14.38,62,58,6.71,broken clouds
557,Tsabong,BW,2022-01-30 12:27:55,-26.0217,22.401,82.17,47,55,18.97,broken clouds
558,Blind River,CA,2022-01-30 12:27:55,46.1834,-82.9582,12.31,95,99,4.5,light snow
559,Cruzilia,BR,2022-01-30 12:27:55,-21.8386,-44.8083,65.98,92,100,4.43,light rain
560,Rosarito,MX,2022-01-30 12:27:56,32.3333,-117.0333,53.42,47,3,3.98,clear sky
561,Baoding,CN,2022-01-30 12:27:56,38.8511,115.4903,36.81,58,84,4.76,light rain
562,Upata,VE,2022-01-30 12:27:56,8.0086,-62.3989,72.19,79,15,3.87,few clouds
563,Kassala,SD,2022-01-30 12:27:57,15.451,36.4,86.22,32,51,11.25,broken clouds
564,Kutum,SD,2022-01-30 12:27:57,14.2,24.6667,73.89,10,5,5.86,clear sky
565,Prattville,US,2022-01-30 12:27:58,32.464,-86.4597,33.58,76,0,0.0,clear sky
566,Empangeni,ZA,2022-01-30 12:27:58,-28.762,31.8933,83.05,56,56,11.05,broken clouds
567,Wiwili,NI,2022-01-30 12:27:58,13.6268,-85.8254,74.14,97,52,3.8,broken clouds
568,Melbourne,US,2022-01-30 12:27:59,28.0836,-80.6081,38.01,71,0,8.05,clear sky
569,Saquarema,BR,2022-01-30 12:27:59,-22.92,-42.5103,78.94,83,99,3.0,overcast clouds
570,Mangrol,IN,2022-01-30 12:27:59,21.1167,70.1167,75.31,43,0,11.18,clear sky
571,Mayumba,GA,2022-01-30 12:28:00,-3.432,10.6554,82.15,72,91,7.76,light rain
572,Boca Do Acre,BR,2022-01-30 12:28:00,-8.7522,-67.3978,72.81,99,100,1.39,moderate rain
573,Labateca,CO,2022-01-30 12:28:00,7.2985,-72.4944,58.42,63,98,2.21,overcast clouds
574,Sorland,NO,2022-01-30 12:28:01,67.667,12.6934,32.07,82,99,36.13,overcast clouds
575,Marrakesh,MA,2022-01-30 12:24:00,31.6315,-8.0083,73.47,27,40,2.3,scattered clouds
576,Kaeo,NZ,2022-01-30 12:28:01,-35.1,173.7833,62.33,91,98,8.23,overcast clouds
577,Manavgat,TR,2022-01-30 12:28:02,36.7867,31.4431,50.41,78,100,12.19,light rain
578,Zyryanka,RU,2022-01-30 12:28:02,65.75,150.85,-21.41,99,100,6.69,overcast clouds
579,Mossendjo,CG,2022-01-30 12:28:02,-2.9506,12.7261,81.66,70,92,4.05,light rain
580,Coahuayana,MX,2022-01-30 12:28:03,18.7333,-103.6833,66.33,68,0,3.53,clear sky
581,Colomi,BO,2022-01-30 12:28:03,-17.35,-65.8667,49.06,89,98,1.48,overcast clouds
582,San Jeronimo,PE,2022-01-30 12:28:04,-11.9472,-75.2829,45.61,82,99,0.69,overcast clouds
583,Caravelas,BR,2022-01-30 12:28:04,-17.7125,-39.2481,85.41,62,23,8.75,few clouds
584,Doha,QA,2022-01-30 12:28:04,25.2867,51.5333,73.38,41,0,10.36,clear sky
585,Makubetsu,JP,2022-01-30 12:28:05,45.3714,141.8211,12.78,89,88,4.43,snow
586,Cowansville,CA,2022-01-30 12:28:05,45.2001,-72.7491,0.09,68,99,3.44,overcast clouds
587,Itoman,JP,2022-01-30 12:28:05,26.1247,127.6694,61.57,77,75,27.63,broken clouds
588,Port Augusta,AU,2022-01-30 12:28:06,-32.5,137.7667,83.71,54,65,12.28,broken clouds
589,Abha,SA,2022-01-30 12:28:06,18.2164,42.5053,64.65,45,20,11.5,few clouds
590,Fushun,CN,2022-01-30 12:28:06,41.8558,123.9233,11.91,39,0,0.76,clear sky
591,Tokur,RU,2022-01-30 12:28:07,53.1333,132.9,-19.3,99,96,2.62,overcast clouds
592,Sikasso,ML,2022-01-30 12:28:07,10.9167,-7.0,93.42,9,44,10.27,scattered clouds
593,Norrtalje,SE,2022-01-30 12:28:07,59.758,18.705,30.24,89,100,22.57,light snow
594,Sinnamary,GF,2022-01-30 12:28:08,5.3833,-52.95,78.33,82,56,10.04,broken clouds
595,Kalininsk,RU,2022-01-30 12:28:08,51.5,44.4758,26.69,96,80,10.18,broken clouds
596,Birao,CF,2022-01-30 12:28:08,10.2849,22.7882,90.3,8,18,8.12,few clouds
597,Ishigaki,JP,2022-01-30 12:28:09,24.3448,124.1572,63.93,73,100,34.94,overcast clouds
598,Pontianak,ID,2022-01-30 12:28:09,-0.0333,109.3333,78.78,89,40,3.44,scattered clouds
599,San Antonio,US,2022-01-30 12:26:38,29.4241,-98.4936,46.33,69,0,4.61,clear sky
600,Kindu,CD,2022-01-30 12:29:10,-2.95,25.95,91.83,36,62,3.71,broken clouds
601,Les Escoumins,CA,2022-01-30 12:29:10,48.1111,-69.0236,4.35,90,100,15.01,light snow
602,Hillsboro,US,2022-01-30 12:25:09,45.5229,-122.9898,39.07,84,100,0.0,overcast clouds
603,Aguimes,ES,2022-01-30 12:29:11,27.9054,-15.4461,65.03,53,0,5.75,haze
604,Pozo Colorado,PY,2022-01-30 12:29:11,-23.4923,-58.7972,82.6,38,1,4.43,clear sky
605,Skibotn,NO,2022-01-30 12:29:11,69.3913,20.2679,23.09,76,100,2.77,overcast clouds
606,Baykit,RU,2022-01-30 12:29:12,61.67,96.37,-7.74,100,94,1.19,overcast clouds
607,Peace River,CA,2022-01-30 12:29:12,56.2501,-117.286,12.51,92,0,12.66,clear sky
608,Djougou,BJ,2022-01-30 12:29:12,9.7085,1.666,86.11,8,50,12.68,scattered clouds
609,Januaria,BR,2022-01-30 12:29:13,-15.4833,-44.3667,76.71,74,100,4.25,overcast clouds
610,Benghazi,LY,2022-01-30 12:29:13,32.1167,20.0667,56.41,69,97,28.63,overcast clouds
611,Dutse,NG,2022-01-30 12:29:13,11.7594,9.3392,80.31,10,62,15.01,broken clouds
612,Novobureyskiy,RU,2022-01-30 12:29:14,49.798,129.8774,-18.67,99,42,3.78,scattered clouds
613,Zhuanghe,CN,2022-01-30 12:29:14,39.7008,122.9911,26.53,33,0,5.75,clear sky
614,Shimoda,JP,2022-01-30 12:29:14,34.6667,138.95,40.1,62,100,5.7,overcast clouds
615,Ayutla,MX,2022-01-30 12:29:15,20.1167,-104.3333,54.43,66,11,3.11,few clouds
616,Dumas,US,2022-01-30 12:29:15,35.8656,-101.9732,32.11,49,0,8.05,clear sky
617,Hachinohe,JP,2022-01-30 12:29:15,40.5,141.5,21.81,73,85,12.39,overcast clouds
618,Koulamoutou,GA,2022-01-30 12:29:16,-1.1303,12.4736,90.93,44,100,4.56,overcast clouds
619,Waipawa,NZ,2022-01-30 12:29:16,-41.4122,175.5153,59.63,92,61,2.13,broken clouds
620,Gannan,CN,2022-01-30 12:29:16,47.9147,123.5031,-0.76,88,4,5.5,clear sky
621,Cascais,PT,2022-01-30 12:29:17,38.6979,-9.4215,64.0,32,0,5.01,clear sky
622,Margate,GB,2022-01-30 12:29:17,51.3813,1.3862,47.17,79,18,2.75,few clouds
623,Esperance,AU,2022-01-30 12:27:13,-33.8667,121.9,82.24,47,15,18.63,few clouds
624,Pyaozerskiy,RU,2022-01-30 12:29:18,65.8333,31.1667,10.92,97,99,5.91,overcast clouds
625,Sicamous,CA,2022-01-30 12:29:18,50.8331,-118.9856,30.18,98,100,2.71,snow
626,Bambous Virieux,MU,2022-01-30 12:29:18,-20.3428,57.7575,87.22,66,40,12.66,scattered clouds
627,Farah,AF,2022-01-30 12:29:19,32.5,62.5,55.74,30,48,6.51,scattered clouds
628,Egvekinot,RU,2022-01-30 12:29:19,66.3167,-179.1667,-3.17,65,15,6.46,few clouds
629,Steamboat Springs,US,2022-01-30 12:29:20,40.485,-106.8317,9.99,85,0,0.0,clear sky
630,Tocopilla,CL,2022-01-30 12:29:20,-22.092,-70.1979,68.02,68,15,3.15,few clouds
631,Mantua,IT,2022-01-30 12:29:20,45.1667,10.7833,56.28,74,15,5.01,few clouds
632,Palaikastron,GR,2022-01-30 12:29:21,35.2,26.25,56.61,63,40,7.72,scattered clouds
633,Navahrudak,BY,2022-01-30 12:29:21,53.6,25.8333,32.0,94,99,15.57,overcast clouds
634,Zonguldak,TR,2022-01-30 12:29:21,41.25,31.8333,38.25,91,36,2.08,scattered clouds
635,Denpasar,ID,2022-01-30 12:28:20,-8.65,115.2167,82.06,78,20,10.36,few clouds
636,Ternate,ID,2022-01-30 12:29:22,0.8,127.4,80.64,79,79,9.98,broken clouds
637,Kurilsk,RU,2022-01-30 12:29:22,45.2333,147.8833,18.9,52,97,18.52,overcast clouds
638,Teguise,ES,2022-01-30 12:29:23,29.0605,-13.564,62.82,59,0,16.11,haze
639,Saint Paul,US,2022-01-30 12:28:20,44.9444,-93.0933,21.67,71,100,12.66,overcast clouds
640,Byumba,RW,2022-01-30 12:29:23,-1.5763,30.0675,71.8,42,94,6.2,overcast clouds
641,Puerto Maldonado,PE,2022-01-30 12:29:24,-12.6,-69.1833,73.8,94,75,3.44,moderate rain
642,Khovu-Aksy,RU,2022-01-30 12:29:24,51.1333,93.6,-14.4,93,12,4.61,few clouds
643,Minas,UY,2022-01-30 12:29:25,-34.3759,-55.2377,74.52,66,45,13.04,scattered clouds
644,Almas,RO,2022-01-30 12:29:25,46.2833,22.2333,40.06,85,100,12.21,overcast clouds
645,Lasa,IT,2022-01-30 12:29:25,46.6166,10.7002,51.37,77,38,11.05,scattered clouds
646,Saint-Augustin,CA,2022-01-30 12:30:25,51.226,-58.6502,32.22,97,100,15.86,snow
647,Karratha,AU,2022-01-30 12:30:26,-20.7377,116.8463,83.16,72,84,29.33,broken clouds
648,Sili,CN,2022-01-30 12:30:26,28.4,117.1667,40.75,81,92,3.8,overcast clouds
649,Tahoua,NE,2022-01-30 12:30:26,14.8888,5.2692,84.18,3,0,20.71,clear sky
650,Nizhniy Kuranakh,RU,2022-01-30 12:30:27,58.8353,125.4869,-7.94,99,100,3.91,overcast clouds
651,South Lake Tahoe,US,2022-01-30 12:27:38,38.9332,-119.9844,32.5,76,0,4.61,clear sky
652,Nobeoka,JP,2022-01-30 12:30:27,32.5833,131.6667,40.77,70,13,9.66,few clouds
653,Conway,US,2022-01-30 12:26:48,35.0887,-92.4421,38.79,83,3,0.0,clear sky
654,Hurricane,US,2022-01-30 12:30:28,37.1753,-113.2899,41.0,37,94,4.47,overcast clouds
655,Kropotkin,RU,2022-01-30 12:30:28,45.4375,40.5756,34.2,99,73,10.27,broken clouds
656,Dongsheng,CN,2022-01-30 12:30:29,39.8161,109.9776,11.19,45,5,20.58,clear sky
657,Cadillac,US,2022-01-30 12:30:29,44.2519,-85.4012,16.97,86,100,4.61,light snow
658,Bubaque,GW,2022-01-30 12:30:29,11.2833,-15.8333,78.44,42,44,7.16,scattered clouds
659,Tottori,JP,2022-01-30 12:30:30,35.5,134.2333,37.47,87,75,4.61,broken clouds
660,Camacha,PT,2022-01-30 12:30:30,33.0833,-16.3333,63.82,77,20,14.97,few clouds
661,Kloulklubed,PW,2022-01-30 12:30:30,7.0419,134.2556,82.81,65,87,12.03,overcast clouds
662,Puerto Gaitan,CO,2022-01-30 12:30:31,4.3133,-72.0816,82.29,43,75,17.4,broken clouds
663,Korla,CN,2022-01-30 12:30:31,41.7597,86.1469,26.74,49,7,4.12,clear sky
664,Petropavlovsk-Kamchatskiy,RU,2022-01-30 12:30:31,53.0452,158.6483,18.19,86,75,6.71,broken clouds
665,Izumo,JP,2022-01-30 12:30:32,35.3667,132.7667,37.35,79,100,8.57,overcast clouds
666,Santa Fe,AR,2022-01-30 12:29:14,-31.6333,-60.7,79.02,57,0,3.0,clear sky
667,Fandriana,MG,2022-01-30 12:30:32,-20.2333,47.3833,76.46,46,2,6.89,clear sky
668,Ghanzi,BW,2022-01-30 12:30:33,-21.5667,21.7833,76.68,63,100,18.12,light rain
669,Clearwater,US,2022-01-30 12:29:06,27.9659,-82.8001,40.93,46,0,5.99,clear sky
670,Agirish,RU,2022-01-30 12:30:33,61.9247,63.0231,-2.72,100,99,3.09,overcast clouds
671,Mawlamyine,MM,2022-01-30 12:30:34,16.4914,97.6256,70.34,63,5,5.14,clear sky
672,Port Hawkesbury,CA,2022-01-30 12:30:34,45.6169,-61.3485,33.19,79,100,14.0,overcast clouds
673,Kyshtovka,RU,2022-01-30 12:30:34,56.555,76.6271,6.6,93,37,9.33,scattered clouds
674,Santiago,CL,2022-01-30 12:28:26,-33.4569,-70.6483,70.99,49,20,2.3,few clouds
675,Nagato,JP,2022-01-30 12:25:43,34.3833,131.2,42.71,60,99,11.3,light rain
676,Mandalgovi,MN,2022-01-30 12:30:35,45.7625,106.2708,1.47,74,7,14.58,clear sky
677,Vardo,NO,2022-01-30 12:30:35,70.3705,31.1107,29.86,73,100,7.78,light snow
678,Umm Kaddadah,SD,2022-01-30 12:30:36,13.6017,26.6876,78.93,9,0,11.81,clear sky
679,Wamba,NG,2022-01-30 12:30:36,8.9333,8.6,95.59,6,100,5.46,overcast clouds
680,Ozernovskiy,RU,2022-01-30 12:30:36,51.5,156.5167,24.76,94,100,5.66,light snow
681,Aksehir,TR,2022-01-30 12:30:37,38.3575,31.4164,35.38,99,100,2.75,overcast clouds
682,Mnogovershinnyy,RU,2022-01-30 12:30:37,53.9353,139.9242,-2.58,97,99,5.37,overcast clouds
683,Biltine,TD,2022-01-30 12:30:37,14.5333,20.9167,83.44,8,6,9.33,clear sky
684,Plattsburgh,US,2022-01-30 12:25:47,44.6995,-73.4529,2.41,55,0,1.99,clear sky
685,Balkanabat,TM,2022-01-30 12:30:38,39.5108,54.3671,49.82,46,35,7.54,scattered clouds
686,Dergachi,RU,2022-01-30 12:30:38,51.2328,48.7659,30.88,90,100,13.62,overcast clouds
687,Faya,SA,2022-01-30 12:30:38,18.3851,42.4509,64.92,53,4,10.85,clear sky
688,Hatillo,PR,2022-01-30 12:30:39,18.4863,-66.8254,77.32,72,0,1.01,clear sky
689,Linxia,CN,2022-01-30 12:30:39,35.6003,103.2064,12.51,81,10,3.02,clear sky
690,Belyy Yar,RU,2022-01-30 12:30:39,53.6039,91.3903,-11.31,73,23,2.24,fog
691,Tawang,IN,2022-01-30 12:30:40,27.5833,91.8667,28.81,93,83,2.35,light snow
692,Moree,AU,2022-01-30 12:30:40,-29.4667,149.85,80.62,57,100,2.3,overcast clouds
693,Daru,PG,2022-01-30 12:30:41,-9.0763,143.2092,76.89,86,100,5.46,overcast clouds
694,Naryan-Mar,RU,2022-01-30 12:30:41,67.6713,53.087,11.73,93,100,12.86,overcast clouds
695,San Juan Del Sur,NI,2022-01-30 12:31:18,11.2529,-85.8705,75.42,78,40,4.61,scattered clouds
696,Fairmont,US,2022-01-30 12:28:22,39.4851,-80.1426,12.78,76,57,3.67,broken clouds
697,San Rafael,AR,2022-01-30 12:27:41,-34.6177,-68.3301,73.44,33,0,14.61,clear sky
698,Meulaboh,ID,2022-01-30 12:31:42,4.1363,96.1285,80.82,75,95,8.68,overcast clouds
699,Sola,VU,2022-01-30 12:31:42,-13.8833,167.55,77.67,94,100,0.0,light rain
700,Puerto Escondido,MX,2022-01-30 12:31:42,15.85,-97.0667,70.63,83,0,9.22,clear sky
701,Saint-Pierre,RE,2022-01-30 12:31:43,-21.3393,55.4781,85.68,66,29,24.16,scattered clouds
702,Capim Grosso,BR,2022-01-30 12:27:54,-11.3811,-40.0128,78.85,64,93,3.38,overcast clouds
